num_frames,mota,motp,idf1,precision,recall,fps,avg boxes
26970,0.901879529829531,0.19877569194217065,0.05523892880069883,0.9589922639830218,0.9492862394833411,1212.5535322660805,10.959325176121617
