num_frames,mota,motp,idf1,precision,recall,fps,avg boxes
15948,0.03878357493593132,0.2472632713144304,0.06885737144519602,0.672460362477379,0.0811748863717876,2202.838509904666,5.003135189365437
