num_frames,mota,motp,idf1,precision,recall,fps,avg boxes
15948,0.04097136634257359,0.24714491302215078,0.06517795508179351,0.6851400476343023,0.08019347770800321,18.484472899494502,5.003135189365437
